title,company,location,link
Python 개발자,(주)인라이플,서울 구로구 ,https://www.saramin.co.kr/zf_user/jobs/relay/view?isMypage=no&rec_idx=39933289&recommend_ids=eJxtz8sRBCEIBNBo9g403%2FMGYv5ZLDrWjFO13p4gtEoAW%2Fqwsk98tUlB9lAqVE6K10Ep5EkNP8mvt7O8icpwYFIXK6oSw0lWc3eaz8m%2BKWYPAbU6YgDCr70C%2FsOh64Ksj9%2BrONw89uwOwmTZqZ2vaicjvTdTx1w%2F1h%2FQkUQh&view_type=search&searchword=python&searchType=search&gz=1&paid_fl=n#seq=0  
[saynews] python 풀스택 웹 개발자,세이뉴스코리아(주),서울 영등포구 ,https://www.saramin.co.kr/zf_user/jobs/relay/view?isMypage=no&rec_idx=40225168&recommend_ids=eJxtz8sRBCEIBNBo9g403%2FMGYv5ZLDrWjFO13p4gtEoAW%2Fqwsk98tUlB9lAqVE6K10Ep5EkNP8mvt7O8icpwYFIXK6oSw0lWc3eaz8m%2BKWYPAbU6YgDCr70C%2FsOh64Ksj9%2BrONw89uwOwmTZqZ2vaicjvTdTx1w%2F1h%2FQkUQh&view_type=search&searchword=python&searchType=search&gz=1&paid_fl=n#seq=0  
"(MD, 웹디자인, JAVA, PHP, Python, SEO, SA, 유튜브, DBA) 채용",(주)지이씨엘코리아,서울 금천구 ,https://www.saramin.co.kr/zf_user/jobs/relay/view?isMypage=no&rec_idx=40311492&recommend_ids=eJxtz8sRBCEIBNBo9g403%2FMGYv5ZLDrWjFO13p4gtEoAW%2Fqwsk98tUlB9lAqVE6K10Ep5EkNP8mvt7O8icpwYFIXK6oSw0lWc3eaz8m%2BKWYPAbU6YgDCr70C%2FsOh64Ksj9%2BrONw89uwOwmTZqZ2vaicjvTdTx1w%2F1h%2FQkUQh&view_type=search&searchword=python&searchType=search&gz=1&paid_fl=n#seq=0  
"오더플러스 백엔드(Django, Python) 개발자 인턴/경력 채용 공고",주식회사엑스바엑스,서울 송파구 ,https://www.saramin.co.kr/zf_user/jobs/relay/view?isMypage=no&rec_idx=39938032&recommend_ids=eJxtz8sRBCEIBNBo9g403%2FMGYv5ZLDrWjFO13p4gtEoAW%2Fqwsk98tUlB9lAqVE6K10Ep5EkNP8mvt7O8icpwYFIXK6oSw0lWc3eaz8m%2BKWYPAbU6YgDCr70C%2FsOh64Ksj9%2BrONw89uwOwmTZqZ2vaicjvTdTx1w%2F1h%2FQkUQh&view_type=search&searchword=python&searchType=search&gz=1&paid_fl=n#seq=0  
각 분야 개발자 채용(Java/Python/Back-end/Front-End/AWS),콘센트릭스서비스코리아(유),서울 강남구 ,https://www.saramin.co.kr/zf_user/jobs/relay/view?isMypage=no&rec_idx=40272717&recommend_ids=eJxtz8sRBCEIBNBo9g403%2FMGYv5ZLDrWjFO13p4gtEoAW%2Fqwsk98tUlB9lAqVE6K10Ep5EkNP8mvt7O8icpwYFIXK6oSw0lWc3eaz8m%2BKWYPAbU6YgDCr70C%2FsOh64Ksj9%2BrONw89uwOwmTZqZ2vaicjvTdTx1w%2F1h%2FQkUQh&view_type=search&searchword=python&searchType=search&gz=1&paid_fl=n#seq=0  
인공지능(AI)·빅데이터(Python 외 3개 부문) 모집,(주)메디치소프트,서울 마포구 ,https://www.saramin.co.kr/zf_user/jobs/relay/view?isMypage=no&rec_idx=40314202&recommend_ids=eJxtz8sRBCEIBNBo9g403%2FMGYv5ZLDrWjFO13p4gtEoAW%2Fqwsk98tUlB9lAqVE6K10Ep5EkNP8mvt7O8icpwYFIXK6oSw0lWc3eaz8m%2BKWYPAbU6YgDCr70C%2FsOh64Ksj9%2BrONw89uwOwmTZqZ2vaicjvTdTx1w%2F1h%2FQkUQh&view_type=search&searchword=python&searchType=search&gz=1&paid_fl=n#seq=0  
파이썬(Python) 개발자 모집,(주)눈사람이노베이션,서울 강서구 ,https://www.saramin.co.kr/zf_user/jobs/relay/view?isMypage=no&rec_idx=40054876&recommend_ids=eJxtz8sRBCEIBNBo9g403%2FMGYv5ZLDrWjFO13p4gtEoAW%2Fqwsk98tUlB9lAqVE6K10Ep5EkNP8mvt7O8icpwYFIXK6oSw0lWc3eaz8m%2BKWYPAbU6YgDCr70C%2FsOh64Ksj9%2BrONw89uwOwmTZqZ2vaicjvTdTx1w%2F1h%2FQkUQh&view_type=search&searchword=python&searchType=search&gz=1&paid_fl=n#seq=0  
[경력직] Python/Java 정규직 모집,나무기술(주),서울 강남구 ,https://www.saramin.co.kr/zf_user/jobs/relay/view?isMypage=no&rec_idx=40344458&recommend_ids=eJxtz8sRBCEIBNBo9g403%2FMGYv5ZLDrWjFO13p4gtEoAW%2Fqwsk98tUlB9lAqVE6K10Ep5EkNP8mvt7O8icpwYFIXK6oSw0lWc3eaz8m%2BKWYPAbU6YgDCr70C%2FsOh64Ksj9%2BrONw89uwOwmTZqZ2vaicjvTdTx1w%2F1h%2FQkUQh&view_type=search&searchword=python&searchType=search&gz=1&paid_fl=n#seq=0  
Python 웹 개발자 채용,(주)코리아센터,서울 금천구 ,https://www.saramin.co.kr/zf_user/jobs/relay/view?isMypage=no&rec_idx=40234660&recommend_ids=eJxtz8sRBCEIBNBo9g403%2FMGYv5ZLDrWjFO13p4gtEoAW%2Fqwsk98tUlB9lAqVE6K10Ep5EkNP8mvt7O8icpwYFIXK6oSw0lWc3eaz8m%2BKWYPAbU6YgDCr70C%2FsOh64Ksj9%2BrONw89uwOwmTZqZ2vaicjvTdTx1w%2F1h%2FQkUQh&view_type=search&searchword=python&searchType=search&gz=1&paid_fl=n#seq=0  
Python 연구개발자를 모집합니다. (인턴 후 정규직),뉴로핏(주),서울 강남구 ,https://www.saramin.co.kr/zf_user/jobs/relay/view?isMypage=no&rec_idx=40221810&recommend_ids=eJxtz8sRBCEIBNBo9g403%2FMGYv5ZLDrWjFO13p4gtEoAW%2Fqwsk98tUlB9lAqVE6K10Ep5EkNP8mvt7O8icpwYFIXK6oSw0lWc3eaz8m%2BKWYPAbU6YgDCr70C%2FsOh64Ksj9%2BrONw89uwOwmTZqZ2vaicjvTdTx1w%2F1h%2FQkUQh&view_type=search&searchword=python&searchType=search&gz=1&paid_fl=n#seq=0  
웹개발(PHP&HTML&Java·JSP&Python 외 1개 부문) 모집,한국직업개발원,서울 성동구 ,https://www.saramin.co.kr/zf_user/jobs/relay/view?isMypage=no&rec_idx=40007094&recommend_ids=eJxtz8sRBCEIBNBo9g403%2FMGYv5ZLDrWjFO13p4gtEoAW%2Fqwsk98tUlB9lAqVE6K10Ep5EkNP8mvt7O8icpwYFIXK6oSw0lWc3eaz8m%2BKWYPAbU6YgDCr70C%2FsOh64Ksj9%2BrONw89uwOwmTZqZ2vaicjvTdTx1w%2F1h%2FQkUQh&view_type=search&searchword=python&searchType=search&gz=1&paid_fl=n#seq=0  
[테스트웍스] 플랫폼 백엔드(Python) 개발자 경력직 모집,(주)테스트웍스,서울 송파구 ,https://www.saramin.co.kr/zf_user/jobs/relay/view?isMypage=no&rec_idx=40340152&recommend_ids=eJxtz8sRBCEIBNBo9g403%2FMGYv5ZLDrWjFO13p4gtEoAW%2Fqwsk98tUlB9lAqVE6K10Ep5EkNP8mvt7O8icpwYFIXK6oSw0lWc3eaz8m%2BKWYPAbU6YgDCr70C%2FsOh64Ksj9%2BrONw89uwOwmTZqZ2vaicjvTdTx1w%2F1h%2FQkUQh&view_type=search&searchword=python&searchType=search&gz=1&paid_fl=n#seq=0  
웹개발(.NET&Python) 프로그래머 모집 공고,(주)필코리아테크놀로지,서울 금천구 ,https://www.saramin.co.kr/zf_user/jobs/relay/view?isMypage=no&rec_idx=40214800&recommend_ids=eJxtz8sRBCEIBNBo9g403%2FMGYv5ZLDrWjFO13p4gtEoAW%2Fqwsk98tUlB9lAqVE6K10Ep5EkNP8mvt7O8icpwYFIXK6oSw0lWc3eaz8m%2BKWYPAbU6YgDCr70C%2FsOh64Ksj9%2BrONw89uwOwmTZqZ2vaicjvTdTx1w%2F1h%2FQkUQh&view_type=search&searchword=python&searchType=search&gz=1&paid_fl=n#seq=0  
"[신입/경력/PL] 개발자 채용(Java, Python)",누리꿈소프트(주),서울 강남구 ,https://www.saramin.co.kr/zf_user/jobs/relay/view?isMypage=no&rec_idx=40303598&recommend_ids=eJxtz8sRBCEIBNBo9g403%2FMGYv5ZLDrWjFO13p4gtEoAW%2Fqwsk98tUlB9lAqVE6K10Ep5EkNP8mvt7O8icpwYFIXK6oSw0lWc3eaz8m%2BKWYPAbU6YgDCr70C%2FsOh64Ksj9%2BrONw89uwOwmTZqZ2vaicjvTdTx1w%2F1h%2FQkUQh&view_type=search&searchword=python&searchType=search&gz=1&paid_fl=n#seq=0  
"[㈜화이트스캔]서비스,Python,SI,앱개발/데이터분석/UI/UX디자인",(주)화이트스캔,서울 서대문구 ,https://www.saramin.co.kr/zf_user/jobs/relay/view?isMypage=no&rec_idx=40172786&recommend_ids=eJxtz8sRBCEIBNBo9g403%2FMGYv5ZLDrWjFO13p4gtEoAW%2Fqwsk98tUlB9lAqVE6K10Ep5EkNP8mvt7O8icpwYFIXK6oSw0lWc3eaz8m%2BKWYPAbU6YgDCr70C%2FsOh64Ksj9%2BrONw89uwOwmTZqZ2vaicjvTdTx1w%2F1h%2FQkUQh&view_type=search&searchword=python&searchType=search&gz=1&paid_fl=n#seq=0  
"인공지능 플랫폼 개발자 및 기획자 모집(React, Python, k8s)",(주)아크릴,서울 강남구 ,https://www.saramin.co.kr/zf_user/jobs/relay/view?isMypage=no&rec_idx=40035659&recommend_ids=eJxtz8sRBCEIBNBo9g403%2FMGYv5ZLDrWjFO13p4gtEoAW%2Fqwsk98tUlB9lAqVE6K10Ep5EkNP8mvt7O8icpwYFIXK6oSw0lWc3eaz8m%2BKWYPAbU6YgDCr70C%2FsOh64Ksj9%2BrONw89uwOwmTZqZ2vaicjvTdTx1w%2F1h%2FQkUQh&view_type=search&searchword=python&searchType=search&gz=1&paid_fl=n#seq=0  
[신입] 데이터 사이언스/엔지니어링 (PYTHON),(주)이팝콘,서울 서초구 ,https://www.saramin.co.kr/zf_user/jobs/relay/view?isMypage=no&rec_idx=39972862&recommend_ids=eJxtz8sRBCEIBNBo9g403%2FMGYv5ZLDrWjFO13p4gtEoAW%2Fqwsk98tUlB9lAqVE6K10Ep5EkNP8mvt7O8icpwYFIXK6oSw0lWc3eaz8m%2BKWYPAbU6YgDCr70C%2FsOh64Ksj9%2BrONw89uwOwmTZqZ2vaicjvTdTx1w%2F1h%2FQkUQh&view_type=search&searchword=python&searchType=search&gz=1&paid_fl=n#seq=0  
"빅데이타 분석 전문가 (Data Scientist, Python 사용경험 필)",인사이트코리아,서울 서초구 ,https://www.saramin.co.kr/zf_user/jobs/relay/view?isMypage=no&rec_idx=39966014&recommend_ids=eJxtz8sRBCEIBNBo9g403%2FMGYv5ZLDrWjFO13p4gtEoAW%2Fqwsk98tUlB9lAqVE6K10Ep5EkNP8mvt7O8icpwYFIXK6oSw0lWc3eaz8m%2BKWYPAbU6YgDCr70C%2FsOh64Ksj9%2BrONw89uwOwmTZqZ2vaicjvTdTx1w%2F1h%2FQkUQh&view_type=search&searchword=python&searchType=search&gz=1&paid_fl=n#seq=0  
(경력) Java & Python 개발자  (Bioinformatics Software),(주)셀키,서울 용산구 ,https://www.saramin.co.kr/zf_user/jobs/relay/view?isMypage=no&rec_idx=40340880&recommend_ids=eJxtz8sRBCEIBNBo9g403%2FMGYv5ZLDrWjFO13p4gtEoAW%2Fqwsk98tUlB9lAqVE6K10Ep5EkNP8mvt7O8icpwYFIXK6oSw0lWc3eaz8m%2BKWYPAbU6YgDCr70C%2FsOh64Ksj9%2BrONw89uwOwmTZqZ2vaicjvTdTx1w%2F1h%2FQkUQh&view_type=search&searchword=python&searchType=search&gz=1&paid_fl=n#seq=0  
기술연구소 웹개발(JAVA/ASP/Python) 및 웹디자이너 모집,(주)엔잡얼라이언스,서울 금천구 ,https://www.saramin.co.kr/zf_user/jobs/relay/view?isMypage=no&rec_idx=40234896&recommend_ids=eJxtz8sRBCEIBNBo9g403%2FMGYv5ZLDrWjFO13p4gtEoAW%2Fqwsk98tUlB9lAqVE6K10Ep5EkNP8mvt7O8icpwYFIXK6oSw0lWc3eaz8m%2BKWYPAbU6YgDCr70C%2FsOh64Ksj9%2BrONw89uwOwmTZqZ2vaicjvTdTx1w%2F1h%2FQkUQh&view_type=search&searchword=python&searchType=search&gz=1&paid_fl=n#seq=0  
"웹프로그래머(ruby, python, Java, php) 신입사원 모집",(주)티아로테크,서울 금천구 ,https://www.saramin.co.kr/zf_user/jobs/relay/view?isMypage=no&rec_idx=40304720&recommend_ids=eJxtz8sRBCEIBNBo9g403%2FMGYv5ZLDrWjFO13p4gtEoAW%2Fqwsk98tUlB9lAqVE6K10Ep5EkNP8mvt7O8icpwYFIXK6oSw0lWc3eaz8m%2BKWYPAbU6YgDCr70C%2FsOh64Ksj9%2BrONw89uwOwmTZqZ2vaicjvTdTx1w%2F1h%2FQkUQh&view_type=search&searchword=python&searchType=search&gz=1&paid_fl=n#seq=0  
"오픈마켓 웹기반 솔루션 개발자 채용 (JAVA, Python 기반)",위셀글로벌 주식회사,서울 강남구 ,https://www.saramin.co.kr/zf_user/jobs/relay/view?isMypage=no&rec_idx=40172746&recommend_ids=eJxtz8sRBCEIBNBo9g403%2FMGYv5ZLDrWjFO13p4gtEoAW%2Fqwsk98tUlB9lAqVE6K10Ep5EkNP8mvt7O8icpwYFIXK6oSw0lWc3eaz8m%2BKWYPAbU6YgDCr70C%2FsOh64Ksj9%2BrONw89uwOwmTZqZ2vaicjvTdTx1w%2F1h%2FQkUQh&view_type=search&searchword=python&searchType=search&gz=1&paid_fl=n#seq=0  
"위셀)오픈마켓 웹기반 솔루션 개발자 채용 (JAVA, Python기반)",위셀글로벌 주식회사,서울 강남구 ,https://www.saramin.co.kr/zf_user/jobs/relay/view?isMypage=no&rec_idx=40238147&recommend_ids=eJxtz8sRBCEIBNBo9g403%2FMGYv5ZLDrWjFO13p4gtEoAW%2Fqwsk98tUlB9lAqVE6K10Ep5EkNP8mvt7O8icpwYFIXK6oSw0lWc3eaz8m%2BKWYPAbU6YgDCr70C%2FsOh64Ksj9%2BrONw89uwOwmTZqZ2vaicjvTdTx1w%2F1h%2FQkUQh&view_type=search&searchword=python&searchType=search&gz=1&paid_fl=n#seq=0  
[경력] Python 개발자 채용 공고 ( flask ),㈜새롬정보시스템,서울 금천구 ,https://www.saramin.co.kr/zf_user/jobs/relay/view?isMypage=no&rec_idx=40116607&recommend_ids=eJxtz8sRBCEIBNBo9g403%2FMGYv5ZLDrWjFO13p4gtEoAW%2Fqwsk98tUlB9lAqVE6K10Ep5EkNP8mvt7O8icpwYFIXK6oSw0lWc3eaz8m%2BKWYPAbU6YgDCr70C%2FsOh64Ksj9%2BrONw89uwOwmTZqZ2vaicjvTdTx1w%2F1h%2FQkUQh&view_type=search&searchword=python&searchType=search&gz=1&paid_fl=n#seq=0  
[Python] 활용 딥러닝 개발자 모집,(주)무지개반사,서울 강남구 ,https://www.saramin.co.kr/zf_user/jobs/relay/view?isMypage=no&rec_idx=40145786&recommend_ids=eJxtz8sRBCEIBNBo9g403%2FMGYv5ZLDrWjFO13p4gtEoAW%2Fqwsk98tUlB9lAqVE6K10Ep5EkNP8mvt7O8icpwYFIXK6oSw0lWc3eaz8m%2BKWYPAbU6YgDCr70C%2FsOh64Ksj9%2BrONw89uwOwmTZqZ2vaicjvTdTx1w%2F1h%2FQkUQh&view_type=search&searchword=python&searchType=search&gz=1&paid_fl=n#seq=0  
주식 투자 분야 PYTHON 백엔드 개발자 채용,(주)씽크풀,서울 영등포구 ,https://www.saramin.co.kr/zf_user/jobs/relay/view?isMypage=no&rec_idx=40189202&recommend_ids=eJxtz8sRBCEIBNBo9g403%2FMGYv5ZLDrWjFO13p4gtEoAW%2Fqwsk98tUlB9lAqVE6K10Ep5EkNP8mvt7O8icpwYFIXK6oSw0lWc3eaz8m%2BKWYPAbU6YgDCr70C%2FsOh64Ksj9%2BrONw89uwOwmTZqZ2vaicjvTdTx1w%2F1h%2FQkUQh&view_type=search&searchword=python&searchType=search&gz=1&paid_fl=n#seq=0  
[정규직] Python/Java 개발자,(주)마인즈앤컴퍼니,서울 강남구 ,https://www.saramin.co.kr/zf_user/jobs/relay/view?isMypage=no&rec_idx=40035450&recommend_ids=eJxtz8sRBCEIBNBo9g403%2FMGYv5ZLDrWjFO13p4gtEoAW%2Fqwsk98tUlB9lAqVE6K10Ep5EkNP8mvt7O8icpwYFIXK6oSw0lWc3eaz8m%2BKWYPAbU6YgDCr70C%2FsOh64Ksj9%2BrONw89uwOwmTZqZ2vaicjvTdTx1w%2F1h%2FQkUQh&view_type=search&searchword=python&searchType=search&gz=1&paid_fl=n#seq=0  
"응용개발자 (Java, php, Python)",(주)스카우트플랜,서울 강남구 ,https://www.saramin.co.kr/zf_user/jobs/relay/view?isMypage=no&rec_idx=40288746&recommend_ids=eJxtz8sRBCEIBNBo9g403%2FMGYv5ZLDrWjFO13p4gtEoAW%2Fqwsk98tUlB9lAqVE6K10Ep5EkNP8mvt7O8icpwYFIXK6oSw0lWc3eaz8m%2BKWYPAbU6YgDCr70C%2FsOh64Ksj9%2BrONw89uwOwmTZqZ2vaicjvTdTx1w%2F1h%2FQkUQh&view_type=search&searchword=python&searchType=search&gz=1&paid_fl=n#seq=0  
[경력] 데이터 사이언스/엔지니어링 (PYTHON),(주)이팝콘,서울 서초구 ,https://www.saramin.co.kr/zf_user/jobs/relay/view?isMypage=no&rec_idx=40017863&recommend_ids=eJxtz8sRBCEIBNBo9g403%2FMGYv5ZLDrWjFO13p4gtEoAW%2Fqwsk98tUlB9lAqVE6K10Ep5EkNP8mvt7O8icpwYFIXK6oSw0lWc3eaz8m%2BKWYPAbU6YgDCr70C%2FsOh64Ksj9%2BrONw89uwOwmTZqZ2vaicjvTdTx1w%2F1h%2FQkUQh&view_type=search&searchword=python&searchType=search&gz=1&paid_fl=n#seq=0  
"머신러닝, Python, TensorFlow 정규직 채용합니다 - 경력",굿에이치알,서울 서초구 ,https://www.saramin.co.kr/zf_user/jobs/relay/view?isMypage=no&rec_idx=40283086&recommend_ids=eJxtz8sRBCEIBNBo9g403%2FMGYv5ZLDrWjFO13p4gtEoAW%2Fqwsk98tUlB9lAqVE6K10Ep5EkNP8mvt7O8icpwYFIXK6oSw0lWc3eaz8m%2BKWYPAbU6YgDCr70C%2FsOh64Ksj9%2BrONw89uwOwmTZqZ2vaicjvTdTx1w%2F1h%2FQkUQh&view_type=search&searchword=python&searchType=search&gz=1&paid_fl=n#seq=0  
[신입/경력] JAVA/React/Python/3D Unity 개발자 모집(본사/서울,(주)임픽스,서울 동대문구 ,https://www.saramin.co.kr/zf_user/jobs/relay/view?isMypage=no&rec_idx=39974519&recommend_ids=eJxtz8sRBCEIBNBo9g403%2FMGYv5ZLDrWjFO13p4gtEoAW%2Fqwsk98tUlB9lAqVE6K10Ep5EkNP8mvt7O8icpwYFIXK6oSw0lWc3eaz8m%2BKWYPAbU6YgDCr70C%2FsOh64Ksj9%2BrONw89uwOwmTZqZ2vaicjvTdTx1w%2F1h%2FQkUQh&view_type=search&searchword=python&searchType=search&gz=1&paid_fl=n#seq=0  
머신러닝/빅데이터/Python 정규직 채용(경력무관),굿커리어,서울 서초구 ,https://www.saramin.co.kr/zf_user/jobs/relay/view?isMypage=no&rec_idx=40315010&recommend_ids=eJxtz8sRBCEIBNBo9g403%2FMGYv5ZLDrWjFO13p4gtEoAW%2Fqwsk98tUlB9lAqVE6K10Ep5EkNP8mvt7O8icpwYFIXK6oSw0lWc3eaz8m%2BKWYPAbU6YgDCr70C%2FsOh64Ksj9%2BrONw89uwOwmTZqZ2vaicjvTdTx1w%2F1h%2FQkUQh&view_type=search&searchword=python&searchType=search&gz=1&paid_fl=n#seq=0  
2021 상반기 Python (경력) 채용 공고,(주)유더블유에스,서울 강남구 ,https://www.saramin.co.kr/zf_user/jobs/relay/view?isMypage=no&rec_idx=40225257&recommend_ids=eJxtz8sRBCEIBNBo9g403%2FMGYv5ZLDrWjFO13p4gtEoAW%2Fqwsk98tUlB9lAqVE6K10Ep5EkNP8mvt7O8icpwYFIXK6oSw0lWc3eaz8m%2BKWYPAbU6YgDCr70C%2FsOh64Ksj9%2BrONw89uwOwmTZqZ2vaicjvTdTx1w%2F1h%2FQkUQh&view_type=search&searchword=python&searchType=search&gz=1&paid_fl=n#seq=0  
Back-End 개발자 (Java / Java Spring / Node.js / Python),(주)렉스퍼,서울 강남구 ,https://www.saramin.co.kr/zf_user/jobs/relay/view?isMypage=no&rec_idx=40101202&recommend_ids=eJxtz8sRBCEIBNBo9g403%2FMGYv5ZLDrWjFO13p4gtEoAW%2Fqwsk98tUlB9lAqVE6K10Ep5EkNP8mvt7O8icpwYFIXK6oSw0lWc3eaz8m%2BKWYPAbU6YgDCr70C%2FsOh64Ksj9%2BrONw89uwOwmTZqZ2vaicjvTdTx1w%2F1h%2FQkUQh&view_type=search&searchword=python&searchType=search&gz=1&paid_fl=n#seq=0  
Android Automotive OS 유지보수 및 Python S/W 개발자 모집,겜마콘코리아(유),서울 강남구 ,https://www.saramin.co.kr/zf_user/jobs/relay/view?isMypage=no&rec_idx=40058981&recommend_ids=eJxtz8sRBCEIBNBo9g403%2FMGYv5ZLDrWjFO13p4gtEoAW%2Fqwsk98tUlB9lAqVE6K10Ep5EkNP8mvt7O8icpwYFIXK6oSw0lWc3eaz8m%2BKWYPAbU6YgDCr70C%2FsOh64Ksj9%2BrONw89uwOwmTZqZ2vaicjvTdTx1w%2F1h%2FQkUQh&view_type=search&searchword=python&searchType=search&gz=1&paid_fl=n#seq=0  
"개발자 (Java, javascript, Python, Spring, Django framework,",맨쉬 컨설팅 주식회사,서울 강남구 ,https://www.saramin.co.kr/zf_user/jobs/relay/view?isMypage=no&rec_idx=40241558&recommend_ids=eJxtz8sRBCEIBNBo9g403%2FMGYv5ZLDrWjFO13p4gtEoAW%2Fqwsk98tUlB9lAqVE6K10Ep5EkNP8mvt7O8icpwYFIXK6oSw0lWc3eaz8m%2BKWYPAbU6YgDCr70C%2FsOh64Ksj9%2BrONw89uwOwmTZqZ2vaicjvTdTx1w%2F1h%2FQkUQh&view_type=search&searchword=python&searchType=search&gz=1&paid_fl=n#seq=0  
백엔드 개발자(Python) 경력무관 채용 - 정규,주식회사 커즈모스,서울 성동구 ,https://www.saramin.co.kr/zf_user/jobs/relay/view?isMypage=no&rec_idx=40068951&recommend_ids=eJxtz8sRBCEIBNBo9g403%2FMGYv5ZLDrWjFO13p4gtEoAW%2Fqwsk98tUlB9lAqVE6K10Ep5EkNP8mvt7O8icpwYFIXK6oSw0lWc3eaz8m%2BKWYPAbU6YgDCr70C%2FsOh64Ksj9%2BrONw89uwOwmTZqZ2vaicjvTdTx1w%2F1h%2FQkUQh&view_type=search&searchword=python&searchType=search&gz=1&paid_fl=n#seq=0  
Application S/W 개발자 채용 (Python 사용),㈜테스콤,경기 고양시 일산동구 ,https://www.saramin.co.kr/zf_user/jobs/relay/view?isMypage=no&rec_idx=40114188&recommend_ids=eJxtz8sRBCEIBNBo9g403%2FMGYv5ZLDrWjFO13p4gtEoAW%2Fqwsk98tUlB9lAqVE6K10Ep5EkNP8mvt7O8icpwYFIXK6oSw0lWc3eaz8m%2BKWYPAbU6YgDCr70C%2FsOh64Ksj9%2BrONw89uwOwmTZqZ2vaicjvTdTx1w%2F1h%2FQkUQh&view_type=search&searchword=python&searchType=search&gz=1&paid_fl=n#seq=0  
REACT/PHP/PYTHON/퍼블리셔 경력자 채용,행복쇼핑(주),서울 영등포구 ,https://www.saramin.co.kr/zf_user/jobs/relay/view?isMypage=no&rec_idx=40199656&recommend_ids=eJxtz8sRBCEIBNBo9g403%2FMGYv5ZLDrWjFO13p4gtEoAW%2Fqwsk98tUlB9lAqVE6K10Ep5EkNP8mvt7O8icpwYFIXK6oSw0lWc3eaz8m%2BKWYPAbU6YgDCr70C%2FsOh64Ksj9%2BrONw89uwOwmTZqZ2vaicjvTdTx1w%2F1h%2FQkUQh&view_type=search&searchword=python&searchType=search&gz=1&paid_fl=n#seq=0  
웹솔루션 개발 사원 채용 (JAVA/Python),(주)대연씨앤아이,서울 구로구 ,https://www.saramin.co.kr/zf_user/jobs/relay/view?isMypage=no&rec_idx=40001845&recommend_ids=eJxtz8sRBCEIBNBo9g403%2FMGYv5ZLDrWjFO13p4gtEoAW%2Fqwsk98tUlB9lAqVE6K10Ep5EkNP8mvt7O8icpwYFIXK6oSw0lWc3eaz8m%2BKWYPAbU6YgDCr70C%2FsOh64Ksj9%2BrONw89uwOwmTZqZ2vaicjvTdTx1w%2F1h%2FQkUQh&view_type=search&searchword=python&searchType=search&gz=1&paid_fl=n#seq=0  
Python/Django 개발자 정규직 채용(웹 솔루션 개발),(주) 온코어에스엔티,서울 구로구 ,https://www.saramin.co.kr/zf_user/jobs/relay/view?isMypage=no&rec_idx=40054318&recommend_ids=eJxtz8sRBCEIBNBo9g403%2FMGYv5ZLDrWjFO13p4gtEoAW%2Fqwsk98tUlB9lAqVE6K10Ep5EkNP8mvt7O8icpwYFIXK6oSw0lWc3eaz8m%2BKWYPAbU6YgDCr70C%2FsOh64Ksj9%2BrONw89uwOwmTZqZ2vaicjvTdTx1w%2F1h%2FQkUQh&view_type=search&searchword=python&searchType=search&gz=1&paid_fl=n#seq=0  
[신입/경력] Node.js/Python 자동화 시스템 개발 및 CM 채용,(주)하이콘소프트,서울 강서구 ,https://www.saramin.co.kr/zf_user/jobs/relay/view?isMypage=no&rec_idx=40235109&recommend_ids=eJxtz8sRBCEIBNBo9g403%2FMGYv5ZLDrWjFO13p4gtEoAW%2Fqwsk98tUlB9lAqVE6K10Ep5EkNP8mvt7O8icpwYFIXK6oSw0lWc3eaz8m%2BKWYPAbU6YgDCr70C%2FsOh64Ksj9%2BrONw89uwOwmTZqZ2vaicjvTdTx1w%2F1h%2FQkUQh&view_type=search&searchword=python&searchType=search&gz=1&paid_fl=n#seq=0  
[개발자 채용] 파이썬(Python) Django 백엔드 개발자 모집,파츠고(주),서울 영등포구 ,https://www.saramin.co.kr/zf_user/jobs/relay/view?isMypage=no&rec_idx=40295778&recommend_ids=eJxtz8sRBCEIBNBo9g403%2FMGYv5ZLDrWjFO13p4gtEoAW%2Fqwsk98tUlB9lAqVE6K10Ep5EkNP8mvt7O8icpwYFIXK6oSw0lWc3eaz8m%2BKWYPAbU6YgDCr70C%2FsOh64Ksj9%2BrONw89uwOwmTZqZ2vaicjvTdTx1w%2F1h%2FQkUQh&view_type=search&searchword=python&searchType=search&gz=1&paid_fl=n#seq=0  
웹개발(Python/Java·JSP) 채용,(주)헬스브리즈,서울 금천구 ,https://www.saramin.co.kr/zf_user/jobs/relay/view?isMypage=no&rec_idx=40066540&recommend_ids=eJxtz8sRBCEIBNBo9g403%2FMGYv5ZLDrWjFO13p4gtEoAW%2Fqwsk98tUlB9lAqVE6K10Ep5EkNP8mvt7O8icpwYFIXK6oSw0lWc3eaz8m%2BKWYPAbU6YgDCr70C%2FsOh64Ksj9%2BrONw89uwOwmTZqZ2vaicjvTdTx1w%2F1h%2FQkUQh&view_type=search&searchword=python&searchType=search&gz=1&paid_fl=n#seq=0  
Django/Python 웹 애플리케이션 구축 / 운영.,(주)아이시큐어,서울 금천구 ,https://www.saramin.co.kr/zf_user/jobs/relay/view?isMypage=no&rec_idx=39915380&recommend_ids=eJxtz8sRBCEIBNBo9g403%2FMGYv5ZLDrWjFO13p4gtEoAW%2Fqwsk98tUlB9lAqVE6K10Ep5EkNP8mvt7O8icpwYFIXK6oSw0lWc3eaz8m%2BKWYPAbU6YgDCr70C%2FsOh64Ksj9%2BrONw89uwOwmTZqZ2vaicjvTdTx1w%2F1h%2FQkUQh&view_type=search&searchword=python&searchType=search&gz=1&paid_fl=n#seq=0  
Python&Android&IOS 개발자 모집,주식회사 버드온,서울 서초구 ,https://www.saramin.co.kr/zf_user/jobs/relay/view?isMypage=no&rec_idx=40284443&recommend_ids=eJxtz8sRBCEIBNBo9g403%2FMGYv5ZLDrWjFO13p4gtEoAW%2Fqwsk98tUlB9lAqVE6K10Ep5EkNP8mvt7O8icpwYFIXK6oSw0lWc3eaz8m%2BKWYPAbU6YgDCr70C%2FsOh64Ksj9%2BrONw89uwOwmTZqZ2vaicjvTdTx1w%2F1h%2FQkUQh&view_type=search&searchword=python&searchType=search&gz=1&paid_fl=n#seq=0  
2021 상반기 Python/백엔드/프론트엔드 신입&경력 모집,(주)휴엔릭스,서울 금천구 ,https://www.saramin.co.kr/zf_user/jobs/relay/view?isMypage=no&rec_idx=40016159&recommend_ids=eJxtz8sRBCEIBNBo9g403%2FMGYv5ZLDrWjFO13p4gtEoAW%2Fqwsk98tUlB9lAqVE6K10Ep5EkNP8mvt7O8icpwYFIXK6oSw0lWc3eaz8m%2BKWYPAbU6YgDCr70C%2FsOh64Ksj9%2BrONw89uwOwmTZqZ2vaicjvTdTx1w%2F1h%2FQkUQh&view_type=search&searchword=python&searchType=search&gz=1&paid_fl=n#seq=0  
Java·JSP/백엔드/Python外 정규직 채용 - 경력,대림엔컴(주),서울 영등포구 ,https://www.saramin.co.kr/zf_user/jobs/relay/view?isMypage=no&rec_idx=39915678&recommend_ids=eJxtz8sRBCEIBNBo9g403%2FMGYv5ZLDrWjFO13p4gtEoAW%2Fqwsk98tUlB9lAqVE6K10Ep5EkNP8mvt7O8icpwYFIXK6oSw0lWc3eaz8m%2BKWYPAbU6YgDCr70C%2FsOh64Ksj9%2BrONw89uwOwmTZqZ2vaicjvTdTx1w%2F1h%2FQkUQh&view_type=search&searchword=python&searchType=search&gz=1&paid_fl=n#seq=0  
서버(python) 개발자 모집 공고,(주)알파도,서울 금천구 ,https://www.saramin.co.kr/zf_user/jobs/relay/view?isMypage=no&rec_idx=40140896&recommend_ids=eJxtz8sRBCEIBNBo9g403%2FMGYv5ZLDrWjFO13p4gtEoAW%2Fqwsk98tUlB9lAqVE6K10Ep5EkNP8mvt7O8icpwYFIXK6oSw0lWc3eaz8m%2BKWYPAbU6YgDCr70C%2FsOh64Ksj9%2BrONw89uwOwmTZqZ2vaicjvTdTx1w%2F1h%2FQkUQh&view_type=search&searchword=python&searchType=search&gz=1&paid_fl=n#seq=0  
프론트엔드/백엔드 개발자 채용(Python / Java / C / C++),앰진시큐러스,서울 송파구 ,https://www.saramin.co.kr/zf_user/jobs/relay/view?isMypage=no&rec_idx=40306891&recommend_ids=eJxtz8sRBCEIBNBo9g403%2FMGYv5ZLDrWjFO13p4gtEoAW%2Fqwsk98tUlB9lAqVE6K10Ep5EkNP8mvt7O8icpwYFIXK6oSw0lWc3eaz8m%2BKWYPAbU6YgDCr70C%2FsOh64Ksj9%2BrONw89uwOwmTZqZ2vaicjvTdTx1w%2F1h%2FQkUQh&view_type=search&searchword=python&searchType=search&gz=1&paid_fl=n#seq=0  
[정규직] 팜캐드 백엔드(Backend) or Python 개발자 채용 공고,(주)팜캐드,서울 강남구 ,https://www.saramin.co.kr/zf_user/jobs/relay/view?isMypage=no&rec_idx=40041021&recommend_ids=eJxtz8sRBCEIBNBo9g403%2FMGYv5ZLDrWjFO13p4gtEoAW%2Fqwsk98tUlB9lAqVE6K10Ep5EkNP8mvt7O8icpwYFIXK6oSw0lWc3eaz8m%2BKWYPAbU6YgDCr70C%2FsOh64Ksj9%2BrONw89uwOwmTZqZ2vaicjvTdTx1w%2F1h%2FQkUQh&view_type=search&searchword=python&searchType=search&gz=1&paid_fl=n#seq=0  
솔루션개발(Python),(주)지란지교시큐리티,서울 강남구 ,https://www.saramin.co.kr/zf_user/jobs/relay/view?isMypage=no&rec_idx=40193069&recommend_ids=eJxtz8sRBCEIBNBo9g403%2FMGYv5ZLDrWjFO13p4gtEoAW%2Fqwsk98tUlB9lAqVE6K10Ep5EkNP8mvt7O8icpwYFIXK6oSw0lWc3eaz8m%2BKWYPAbU6YgDCr70C%2FsOh64Ksj9%2BrONw89uwOwmTZqZ2vaicjvTdTx1w%2F1h%2FQkUQh&view_type=search&searchword=python&searchType=search&gz=1&paid_fl=n#seq=0  
"[경력] 음악저작권관련 응용개발자 - php, python, java 필수",(주)스카우트플랜,서울 강남구 ,https://www.saramin.co.kr/zf_user/jobs/relay/view?isMypage=no&rec_idx=40283102&recommend_ids=eJxtz8sRBCEIBNBo9g403%2FMGYv5ZLDrWjFO13p4gtEoAW%2Fqwsk98tUlB9lAqVE6K10Ep5EkNP8mvt7O8icpwYFIXK6oSw0lWc3eaz8m%2BKWYPAbU6YgDCr70C%2FsOh64Ksj9%2BrONw89uwOwmTZqZ2vaicjvTdTx1w%2F1h%2FQkUQh&view_type=search&searchword=python&searchType=search&gz=1&paid_fl=n#seq=0  
서버개발(Python/C.C#/Linux),(주)스카우트플랜,서울 강남구 ,https://www.saramin.co.kr/zf_user/jobs/relay/view?isMypage=no&rec_idx=40323837&recommend_ids=eJxtz8sRBCEIBNBo9g403%2FMGYv5ZLDrWjFO13p4gtEoAW%2Fqwsk98tUlB9lAqVE6K10Ep5EkNP8mvt7O8icpwYFIXK6oSw0lWc3eaz8m%2BKWYPAbU6YgDCr70C%2FsOh64Ksj9%2BrONw89uwOwmTZqZ2vaicjvTdTx1w%2F1h%2FQkUQh&view_type=search&searchword=python&searchType=search&gz=1&paid_fl=n#seq=0  
"반도체 디자인 검증 엔지니어 C/C++, python, perl, tcl등 프로",(주)코리아휴먼리소시스,서울 동작구 ,https://www.saramin.co.kr/zf_user/jobs/relay/view?isMypage=no&rec_idx=40341180&recommend_ids=eJxtz8sRBCEIBNBo9g403%2FMGYv5ZLDrWjFO13p4gtEoAW%2Fqwsk98tUlB9lAqVE6K10Ep5EkNP8mvt7O8icpwYFIXK6oSw0lWc3eaz8m%2BKWYPAbU6YgDCr70C%2FsOh64Ksj9%2BrONw89uwOwmTZqZ2vaicjvTdTx1w%2F1h%2FQkUQh&view_type=search&searchword=python&searchType=search&gz=1&paid_fl=n#seq=0  
[Python 대림역 SI] NMS 백엔드 개발 및 커스터마이징,(주)제이투이,서울 영등포구 ,https://www.saramin.co.kr/zf_user/jobs/relay/view?isMypage=no&rec_idx=40335420&recommend_ids=eJxtz8sRBCEIBNBo9g403%2FMGYv5ZLDrWjFO13p4gtEoAW%2Fqwsk98tUlB9lAqVE6K10Ep5EkNP8mvt7O8icpwYFIXK6oSw0lWc3eaz8m%2BKWYPAbU6YgDCr70C%2FsOh64Ksj9%2BrONw89uwOwmTZqZ2vaicjvTdTx1w%2F1h%2FQkUQh&view_type=search&searchword=python&searchType=search&gz=1&paid_fl=n#seq=0  
웹개발(PHP&HTML&APM&Python&XML) 채용,맨쉬 컨설팅 주식회사,서울 강남구 ,https://www.saramin.co.kr/zf_user/jobs/relay/view?isMypage=no&rec_idx=40250891&recommend_ids=eJxtz8sRBCEIBNBo9g403%2FMGYv5ZLDrWjFO13p4gtEoAW%2Fqwsk98tUlB9lAqVE6K10Ep5EkNP8mvt7O8icpwYFIXK6oSw0lWc3eaz8m%2BKWYPAbU6YgDCr70C%2FsOh64Ksj9%2BrONw89uwOwmTZqZ2vaicjvTdTx1w%2F1h%2FQkUQh&view_type=search&searchword=python&searchType=search&gz=1&paid_fl=n#seq=0  
"2021년 상반기 Python, Java·JSP 경력무관 채용합니다",소명소프트(주),서울 송파구 ,https://www.saramin.co.kr/zf_user/jobs/relay/view?isMypage=no&rec_idx=39909014&recommend_ids=eJxtz8sRBCEIBNBo9g403%2FMGYv5ZLDrWjFO13p4gtEoAW%2Fqwsk98tUlB9lAqVE6K10Ep5EkNP8mvt7O8icpwYFIXK6oSw0lWc3eaz8m%2BKWYPAbU6YgDCr70C%2FsOh64Ksj9%2BrONw89uwOwmTZqZ2vaicjvTdTx1w%2F1h%2FQkUQh&view_type=search&searchword=python&searchType=search&gz=1&paid_fl=n#seq=0  
웹개발(PHP/Python) 채용,(주)비즈부스터,서울 금천구 ,https://www.saramin.co.kr/zf_user/jobs/relay/view?isMypage=no&rec_idx=40185871&recommend_ids=eJxtz8sRBCEIBNBo9g403%2FMGYv5ZLDrWjFO13p4gtEoAW%2Fqwsk98tUlB9lAqVE6K10Ep5EkNP8mvt7O8icpwYFIXK6oSw0lWc3eaz8m%2BKWYPAbU6YgDCr70C%2FsOh64Ksj9%2BrONw89uwOwmTZqZ2vaicjvTdTx1w%2F1h%2FQkUQh&view_type=search&searchword=python&searchType=search&gz=1&paid_fl=n#seq=0  
응용프로그램개발(Java&Python&Linux外 1개 부문) 채용 공고,(주)에이몬소프트,서울 송파구 ,https://www.saramin.co.kr/zf_user/jobs/relay/view?isMypage=no&rec_idx=40259376&recommend_ids=eJxtz8sRBCEIBNBo9g403%2FMGYv5ZLDrWjFO13p4gtEoAW%2Fqwsk98tUlB9lAqVE6K10Ep5EkNP8mvt7O8icpwYFIXK6oSw0lWc3eaz8m%2BKWYPAbU6YgDCr70C%2FsOh64Ksj9%2BrONw89uwOwmTZqZ2vaicjvTdTx1w%2F1h%2FQkUQh&view_type=search&searchword=python&searchType=search&gz=1&paid_fl=n#seq=0  
(주)서울소프트 Python 웹 개발자 모집,(주)서울소프트,서울 금천구 ,https://www.saramin.co.kr/zf_user/jobs/relay/view?isMypage=no&rec_idx=40127580&recommend_ids=eJxtz8sRBCEIBNBo9g403%2FMGYv5ZLDrWjFO13p4gtEoAW%2Fqwsk98tUlB9lAqVE6K10Ep5EkNP8mvt7O8icpwYFIXK6oSw0lWc3eaz8m%2BKWYPAbU6YgDCr70C%2FsOh64Ksj9%2BrONw89uwOwmTZqZ2vaicjvTdTx1w%2F1h%2FQkUQh&view_type=search&searchword=python&searchType=search&gz=1&paid_fl=n#seq=0  
Android앱개발&Python&IOS앱개발外 정규직 채용 - 각 분야별,(주)리치투게더,서울 강서구 ,https://www.saramin.co.kr/zf_user/jobs/relay/view?isMypage=no&rec_idx=39960069&recommend_ids=eJxtz8sRBCEIBNBo9g403%2FMGYv5ZLDrWjFO13p4gtEoAW%2Fqwsk98tUlB9lAqVE6K10Ep5EkNP8mvt7O8icpwYFIXK6oSw0lWc3eaz8m%2BKWYPAbU6YgDCr70C%2FsOh64Ksj9%2BrONw89uwOwmTZqZ2vaicjvTdTx1w%2F1h%2FQkUQh&view_type=search&searchword=python&searchType=search&gz=1&paid_fl=n#seq=0  
"[신입] 데이터 운영 및 관리 (EXCEL, PYTHON)",(주)이팝콘,서울 서초구 ,https://www.saramin.co.kr/zf_user/jobs/relay/view?isMypage=no&rec_idx=39944951&recommend_ids=eJxtz8sRBCEIBNBo9g403%2FMGYv5ZLDrWjFO13p4gtEoAW%2Fqwsk98tUlB9lAqVE6K10Ep5EkNP8mvt7O8icpwYFIXK6oSw0lWc3eaz8m%2BKWYPAbU6YgDCr70C%2FsOh64Ksj9%2BrONw89uwOwmTZqZ2vaicjvTdTx1w%2F1h%2FQkUQh&view_type=search&searchword=python&searchType=search&gz=1&paid_fl=n#seq=0  
Java / Python / Django 개발자 채용 (신입/경력),(주)네오포스코리아,서울 중구 ,https://www.saramin.co.kr/zf_user/jobs/relay/view?isMypage=no&rec_idx=40058143&recommend_ids=eJxtz8sRBCEIBNBo9g403%2FMGYv5ZLDrWjFO13p4gtEoAW%2Fqwsk98tUlB9lAqVE6K10Ep5EkNP8mvt7O8icpwYFIXK6oSw0lWc3eaz8m%2BKWYPAbU6YgDCr70C%2FsOh64Ksj9%2BrONw89uwOwmTZqZ2vaicjvTdTx1w%2F1h%2FQkUQh&view_type=search&searchword=python&searchType=search&gz=1&paid_fl=n#seq=0  
웹개발(PYTHON) 채용 공고-정규직,(주)미투유코리아,서울 강서구 ,https://www.saramin.co.kr/zf_user/jobs/relay/view?isMypage=no&rec_idx=40082330&recommend_ids=eJxtz8sRBCEIBNBo9g403%2FMGYv5ZLDrWjFO13p4gtEoAW%2Fqwsk98tUlB9lAqVE6K10Ep5EkNP8mvt7O8icpwYFIXK6oSw0lWc3eaz8m%2BKWYPAbU6YgDCr70C%2FsOh64Ksj9%2BrONw89uwOwmTZqZ2vaicjvTdTx1w%2F1h%2FQkUQh&view_type=search&searchword=python&searchType=search&gz=1&paid_fl=n#seq=0  
웹개발(백엔드/PHP/Python) 채용,엔케이티이칠오스튜디오,서울 마포구 ,https://www.saramin.co.kr/zf_user/jobs/relay/view?isMypage=no&rec_idx=40227629&recommend_ids=eJxtz8sRBCEIBNBo9g403%2FMGYv5ZLDrWjFO13p4gtEoAW%2Fqwsk98tUlB9lAqVE6K10Ep5EkNP8mvt7O8icpwYFIXK6oSw0lWc3eaz8m%2BKWYPAbU6YgDCr70C%2FsOh64Ksj9%2BrONw89uwOwmTZqZ2vaicjvTdTx1w%2F1h%2FQkUQh&view_type=search&searchword=python&searchType=search&gz=1&paid_fl=n#seq=0  
웹개발(HTML/Python/백엔드/PHP外 1개 부문) 채용,(주)에듀토셀,서울 성북구 ,https://www.saramin.co.kr/zf_user/jobs/relay/view?isMypage=no&rec_idx=40176493&recommend_ids=eJxtz8sRBCEIBNBo9g403%2FMGYv5ZLDrWjFO13p4gtEoAW%2Fqwsk98tUlB9lAqVE6K10Ep5EkNP8mvt7O8icpwYFIXK6oSw0lWc3eaz8m%2BKWYPAbU6YgDCr70C%2FsOh64Ksj9%2BrONw89uwOwmTZqZ2vaicjvTdTx1w%2F1h%2FQkUQh&view_type=search&searchword=python&searchType=search&gz=1&paid_fl=n#seq=0  
파이썬 프로그래머 (산업설비 관리제어) - 서울 강남,한국워터테크놀로지,서울 강남구 ,https://www.saramin.co.kr/zf_user/jobs/relay/view?isMypage=no&rec_idx=40047801&recommend_ids=eJxtz8sRBCEIBNBo9g403%2FMGYv5ZLDrWjFO13p4gtEoAW%2Fqwsk98tUlB9lAqVE6K10Ep5EkNP8mvt7O8icpwYFIXK6oSw0lWc3eaz8m%2BKWYPAbU6YgDCr70C%2FsOh64Ksj9%2BrONw89uwOwmTZqZ2vaicjvTdTx1w%2F1h%2FQkUQh&view_type=search&searchword=python&searchType=search&gz=1&paid_fl=n#seq=0  
[경력] 개발팀 파이썬 개발자 채용 공고,(주)에이아이스페라,서울 성동구 ,https://www.saramin.co.kr/zf_user/jobs/relay/view?isMypage=no&rec_idx=40119884&recommend_ids=eJxtz8sRBCEIBNBo9g403%2FMGYv5ZLDrWjFO13p4gtEoAW%2Fqwsk98tUlB9lAqVE6K10Ep5EkNP8mvt7O8icpwYFIXK6oSw0lWc3eaz8m%2BKWYPAbU6YgDCr70C%2FsOh64Ksj9%2BrONw89uwOwmTZqZ2vaicjvTdTx1w%2F1h%2FQkUQh&view_type=search&searchword=python&searchType=search&gz=1&paid_fl=n#seq=0  
[바이브컴퍼니] 개발자 모집(시각화 / NLP / 파이썬),(주)바이브컴퍼니,서울 용산구 ,https://www.saramin.co.kr/zf_user/jobs/relay/view?isMypage=no&rec_idx=40320010&recommend_ids=eJxtz8sRBCEIBNBo9g403%2FMGYv5ZLDrWjFO13p4gtEoAW%2Fqwsk98tUlB9lAqVE6K10Ep5EkNP8mvt7O8icpwYFIXK6oSw0lWc3eaz8m%2BKWYPAbU6YgDCr70C%2FsOh64Ksj9%2BrONw89uwOwmTZqZ2vaicjvTdTx1w%2F1h%2FQkUQh&view_type=search&searchword=python&searchType=search&gz=1&paid_fl=n#seq=0  
(전액무료)파이썬기반 빅데이터 플랫폼&분석 전문가 취업연계과정,지스펙(주),서울 구로구 ,https://www.saramin.co.kr/zf_user/jobs/relay/view?isMypage=no&rec_idx=40239163&recommend_ids=eJxtz8sRBCEIBNBo9g403%2FMGYv5ZLDrWjFO13p4gtEoAW%2Fqwsk98tUlB9lAqVE6K10Ep5EkNP8mvt7O8icpwYFIXK6oSw0lWc3eaz8m%2BKWYPAbU6YgDCr70C%2FsOh64Ksj9%2BrONw89uwOwmTZqZ2vaicjvTdTx1w%2F1h%2FQkUQh&view_type=search&searchword=python&searchType=search&gz=1&paid_fl=n#seq=0  
파이썬 기반 DB 서비스 개발,(주)임픽스,서울 동대문구 ,https://www.saramin.co.kr/zf_user/jobs/relay/view?isMypage=no&rec_idx=39900595&recommend_ids=eJxtz8sRBCEIBNBo9g403%2FMGYv5ZLDrWjFO13p4gtEoAW%2Fqwsk98tUlB9lAqVE6K10Ep5EkNP8mvt7O8icpwYFIXK6oSw0lWc3eaz8m%2BKWYPAbU6YgDCr70C%2FsOh64Ksj9%2BrONw89uwOwmTZqZ2vaicjvTdTx1w%2F1h%2FQkUQh&view_type=search&searchword=python&searchType=search&gz=1&paid_fl=n#seq=0  
[인턴] 개발팀 파이썬 개발자 채용 공고,(주)에이아이스페라,서울 성동구 ,https://www.saramin.co.kr/zf_user/jobs/relay/view?isMypage=no&rec_idx=40135484&recommend_ids=eJxtz8sRBCEIBNBo9g403%2FMGYv5ZLDrWjFO13p4gtEoAW%2Fqwsk98tUlB9lAqVE6K10Ep5EkNP8mvt7O8icpwYFIXK6oSw0lWc3eaz8m%2BKWYPAbU6YgDCr70C%2FsOh64Ksj9%2BrONw89uwOwmTZqZ2vaicjvTdTx1w%2F1h%2FQkUQh&view_type=search&searchword=python&searchType=search&gz=1&paid_fl=n#seq=0  
(전액무료)자바와 파이썬을 활용한 빅데이터 융합 개발자 취업연계과정,지스펙(주),서울 구로구 ,https://www.saramin.co.kr/zf_user/jobs/relay/view?isMypage=no&rec_idx=40239015&recommend_ids=eJxtz8sRBCEIBNBo9g403%2FMGYv5ZLDrWjFO13p4gtEoAW%2Fqwsk98tUlB9lAqVE6K10Ep5EkNP8mvt7O8icpwYFIXK6oSw0lWc3eaz8m%2BKWYPAbU6YgDCr70C%2FsOh64Ksj9%2BrONw89uwOwmTZqZ2vaicjvTdTx1w%2F1h%2FQkUQh&view_type=search&searchword=python&searchType=search&gz=1&paid_fl=n#seq=0  
외국계 대기업] 파이썬 개발자 경력직 채용,(주)인큐브시스템,서울 금천구 ,https://www.saramin.co.kr/zf_user/jobs/relay/view?isMypage=no&rec_idx=40242087&recommend_ids=eJxtz8sRBCEIBNBo9g403%2FMGYv5ZLDrWjFO13p4gtEoAW%2Fqwsk98tUlB9lAqVE6K10Ep5EkNP8mvt7O8icpwYFIXK6oSw0lWc3eaz8m%2BKWYPAbU6YgDCr70C%2FsOh64Ksj9%2BrONw89uwOwmTZqZ2vaicjvTdTx1w%2F1h%2FQkUQh&view_type=search&searchword=python&searchType=search&gz=1&paid_fl=n#seq=0  
"[바이브컴퍼니] 파이썬 개발자, 웹 어플리캐이션 개발자 모집",바이브컴퍼니,서울 용산구 ,https://www.saramin.co.kr/zf_user/jobs/relay/view?isMypage=no&rec_idx=40032193&recommend_ids=eJxtz8sRBCEIBNBo9g403%2FMGYv5ZLDrWjFO13p4gtEoAW%2Fqwsk98tUlB9lAqVE6K10Ep5EkNP8mvt7O8icpwYFIXK6oSw0lWc3eaz8m%2BKWYPAbU6YgDCr70C%2FsOh64Ksj9%2BrONw89uwOwmTZqZ2vaicjvTdTx1w%2F1h%2FQkUQh&view_type=search&searchword=python&searchType=search&gz=1&paid_fl=n#seq=0  
"BI컨설턴트(태블로, 파이썬) 신입 및 경력자 모집",㈜칸테크,서울 금천구 ,https://www.saramin.co.kr/zf_user/jobs/relay/view?isMypage=no&rec_idx=40028371&recommend_ids=eJxtz8sRBCEIBNBo9g403%2FMGYv5ZLDrWjFO13p4gtEoAW%2Fqwsk98tUlB9lAqVE6K10Ep5EkNP8mvt7O8icpwYFIXK6oSw0lWc3eaz8m%2BKWYPAbU6YgDCr70C%2FsOh64Ksj9%2BrONw89uwOwmTZqZ2vaicjvTdTx1w%2F1h%2FQkUQh&view_type=search&searchword=python&searchType=search&gz=1&paid_fl=n#seq=0  
"IT프로그래밍 분야 강사님 모집 (파이썬, AI, 빅데이터, 핀테크)",(주)아시아경제,서울 중구 ,https://www.saramin.co.kr/zf_user/jobs/relay/view?isMypage=no&rec_idx=40328169&recommend_ids=eJxtz8sRBCEIBNBo9g403%2FMGYv5ZLDrWjFO13p4gtEoAW%2Fqwsk98tUlB9lAqVE6K10Ep5EkNP8mvt7O8icpwYFIXK6oSw0lWc3eaz8m%2BKWYPAbU6YgDCr70C%2FsOh64Ksj9%2BrONw89uwOwmTZqZ2vaicjvTdTx1w%2F1h%2FQkUQh&view_type=search&searchword=python&searchType=search&gz=1&paid_fl=n#seq=0  
모블디 파이썬 장고 웹 개발자 채용,(주)모블디,서울 강남구 ,https://www.saramin.co.kr/zf_user/jobs/relay/view?isMypage=no&rec_idx=40157856&recommend_ids=eJxtz8sRBCEIBNBo9g403%2FMGYv5ZLDrWjFO13p4gtEoAW%2Fqwsk98tUlB9lAqVE6K10Ep5EkNP8mvt7O8icpwYFIXK6oSw0lWc3eaz8m%2BKWYPAbU6YgDCr70C%2FsOh64Ksj9%2BrONw89uwOwmTZqZ2vaicjvTdTx1w%2F1h%2FQkUQh&view_type=search&searchword=python&searchType=search&gz=1&paid_fl=n#seq=0  
"모바일 웹 개발자(PHP, 파이썬 등) 채용.",더치트(주),서울 구로구 ,https://www.saramin.co.kr/zf_user/jobs/relay/view?isMypage=no&rec_idx=40222187&recommend_ids=eJxtz8sRBCEIBNBo9g403%2FMGYv5ZLDrWjFO13p4gtEoAW%2Fqwsk98tUlB9lAqVE6K10Ep5EkNP8mvt7O8icpwYFIXK6oSw0lWc3eaz8m%2BKWYPAbU6YgDCr70C%2FsOh64Ksj9%2BrONw89uwOwmTZqZ2vaicjvTdTx1w%2F1h%2FQkUQh&view_type=search&searchword=python&searchType=search&gz=1&paid_fl=n#seq=0  
"DBA, 파이썬 개발 - 프리랜서 구인",시앤지원(주),서울 서초구 ,https://www.saramin.co.kr/zf_user/jobs/relay/view?isMypage=no&rec_idx=40286493&recommend_ids=eJxtz8sRBCEIBNBo9g403%2FMGYv5ZLDrWjFO13p4gtEoAW%2Fqwsk98tUlB9lAqVE6K10Ep5EkNP8mvt7O8icpwYFIXK6oSw0lWc3eaz8m%2BKWYPAbU6YgDCr70C%2FsOh64Ksj9%2BrONw89uwOwmTZqZ2vaicjvTdTx1w%2F1h%2FQkUQh&view_type=search&searchword=python&searchType=search&gz=1&paid_fl=n#seq=0  
[이젠 종로캠퍼스] 파이썬 기반 빅데이터 강사님을 모십,(주) 이젠아카데미,서울 종로구 ,https://www.saramin.co.kr/zf_user/jobs/relay/view?isMypage=no&rec_idx=40202334&recommend_ids=eJxtz8sRBCEIBNBo9g403%2FMGYv5ZLDrWjFO13p4gtEoAW%2Fqwsk98tUlB9lAqVE6K10Ep5EkNP8mvt7O8icpwYFIXK6oSw0lWc3eaz8m%2BKWYPAbU6YgDCr70C%2FsOh64Ksj9%2BrONw89uwOwmTZqZ2vaicjvTdTx1w%2F1h%2FQkUQh&view_type=search&searchword=python&searchType=search&gz=1&paid_fl=n#seq=0  
"[프리랜서/계약직] 자바스크립트, c언어, 파이썬 웹개발자 채용",(주)애드픽네트워크,서울 금천구 ,https://www.saramin.co.kr/zf_user/jobs/relay/view?isMypage=no&rec_idx=40125854&recommend_ids=eJxtz8sRBCEIBNBo9g403%2FMGYv5ZLDrWjFO13p4gtEoAW%2Fqwsk98tUlB9lAqVE6K10Ep5EkNP8mvt7O8icpwYFIXK6oSw0lWc3eaz8m%2BKWYPAbU6YgDCr70C%2FsOh64Ksj9%2BrONw89uwOwmTZqZ2vaicjvTdTx1w%2F1h%2FQkUQh&view_type=search&searchword=python&searchType=search&gz=1&paid_fl=n#seq=0  
디지털헬스케어 플랫폼 파이썬 백엔드 신입/경력 개발자 모집,(주)파인헬스케어,서울 성동구 ,https://www.saramin.co.kr/zf_user/jobs/relay/view?isMypage=no&rec_idx=40236960&recommend_ids=eJxtz8sRBCEIBNBo9g403%2FMGYv5ZLDrWjFO13p4gtEoAW%2Fqwsk98tUlB9lAqVE6K10Ep5EkNP8mvt7O8icpwYFIXK6oSw0lWc3eaz8m%2BKWYPAbU6YgDCr70C%2FsOh64Ksj9%2BrONw89uwOwmTZqZ2vaicjvTdTx1w%2F1h%2FQkUQh&view_type=search&searchword=python&searchType=search&gz=1&paid_fl=n#seq=0  
파이썬/자바/C언어 기반 응용 SW 강사 및 상담 직원 모집,YBM신촌어학원,서울 서대문구 ,https://www.saramin.co.kr/zf_user/jobs/relay/view?isMypage=no&rec_idx=40289240&recommend_ids=eJxtz8sRBCEIBNBo9g403%2FMGYv5ZLDrWjFO13p4gtEoAW%2Fqwsk98tUlB9lAqVE6K10Ep5EkNP8mvt7O8icpwYFIXK6oSw0lWc3eaz8m%2BKWYPAbU6YgDCr70C%2FsOh64Ksj9%2BrONw89uwOwmTZqZ2vaicjvTdTx1w%2F1h%2FQkUQh&view_type=search&searchword=python&searchType=search&gz=1&paid_fl=n#seq=0  
파이썬/자바/C언어 기반 응용 SW 개발자 강사 모집,YBM신촌어학원,서울 서대문구 ,https://www.saramin.co.kr/zf_user/jobs/relay/view?isMypage=no&rec_idx=40289420&recommend_ids=eJxtz8sRBCEIBNBo9g403%2FMGYv5ZLDrWjFO13p4gtEoAW%2Fqwsk98tUlB9lAqVE6K10Ep5EkNP8mvt7O8icpwYFIXK6oSw0lWc3eaz8m%2BKWYPAbU6YgDCr70C%2FsOh64Ksj9%2BrONw89uwOwmTZqZ2vaicjvTdTx1w%2F1h%2FQkUQh&view_type=search&searchword=python&searchType=search&gz=1&paid_fl=n#seq=0  
"자바, 파이썬, JSP 외(퍼블리싱 및 디자인 가능 우대, 인공지능)",(주)비씨티원,서울 강남구 ,https://www.saramin.co.kr/zf_user/jobs/relay/view?isMypage=no&rec_idx=40313655&recommend_ids=eJxtz8sRBCEIBNBo9g403%2FMGYv5ZLDrWjFO13p4gtEoAW%2Fqwsk98tUlB9lAqVE6K10Ep5EkNP8mvt7O8icpwYFIXK6oSw0lWc3eaz8m%2BKWYPAbU6YgDCr70C%2FsOh64Ksj9%2BrONw89uwOwmTZqZ2vaicjvTdTx1w%2F1h%2FQkUQh&view_type=search&searchword=python&searchType=search&gz=1&paid_fl=n#seq=0  
유망 AI 신약 개발업체 파이썬 웹개발자(판교),(주)스카우트,서울 강남구 ,https://www.saramin.co.kr/zf_user/jobs/relay/view?isMypage=no&rec_idx=40253383&recommend_ids=eJxtz8sRBCEIBNBo9g403%2FMGYv5ZLDrWjFO13p4gtEoAW%2Fqwsk98tUlB9lAqVE6K10Ep5EkNP8mvt7O8icpwYFIXK6oSw0lWc3eaz8m%2BKWYPAbU6YgDCr70C%2FsOh64Ksj9%2BrONw89uwOwmTZqZ2vaicjvTdTx1w%2F1h%2FQkUQh&view_type=search&searchword=python&searchType=search&gz=1&paid_fl=n#seq=0  
웹 (자바 파이썬) 프로그램머 채용 (병역특례 가능),㈜에스에프테크놀로지,서울 금천구 ,https://www.saramin.co.kr/zf_user/jobs/relay/view?isMypage=no&rec_idx=40314827&recommend_ids=eJxtz8sRBCEIBNBo9g403%2FMGYv5ZLDrWjFO13p4gtEoAW%2Fqwsk98tUlB9lAqVE6K10Ep5EkNP8mvt7O8icpwYFIXK6oSw0lWc3eaz8m%2BKWYPAbU6YgDCr70C%2FsOh64Ksj9%2BrONw89uwOwmTZqZ2vaicjvTdTx1w%2F1h%2FQkUQh&view_type=search&searchword=python&searchType=search&gz=1&paid_fl=n#seq=0  
"IT강사님 모집합니다. ( JAVA, 빅데이터, 파이썬 외)",디지털원(주),서울 금천구 ,https://www.saramin.co.kr/zf_user/jobs/relay/view?isMypage=no&rec_idx=40282723&recommend_ids=eJxtz8sRBCEIBNBo9g403%2FMGYv5ZLDrWjFO13p4gtEoAW%2Fqwsk98tUlB9lAqVE6K10Ep5EkNP8mvt7O8icpwYFIXK6oSw0lWc3eaz8m%2BKWYPAbU6YgDCr70C%2FsOh64Ksj9%2BrONw89uwOwmTZqZ2vaicjvTdTx1w%2F1h%2FQkUQh&view_type=search&searchword=python&searchType=search&gz=1&paid_fl=n#seq=0  
"프론트/백엔드/파이썬 개발자 경력 채용(주5일,6시간근무)",(주)웨인힐스벤처스,서울 마포구 ,https://www.saramin.co.kr/zf_user/jobs/relay/view?isMypage=no&rec_idx=40205544&recommend_ids=eJxtz8sRBCEIBNBo9g403%2FMGYv5ZLDrWjFO13p4gtEoAW%2Fqwsk98tUlB9lAqVE6K10Ep5EkNP8mvt7O8icpwYFIXK6oSw0lWc3eaz8m%2BKWYPAbU6YgDCr70C%2FsOh64Ksj9%2BrONw89uwOwmTZqZ2vaicjvTdTx1w%2F1h%2FQkUQh&view_type=search&searchword=python&searchType=search&gz=1&paid_fl=n#seq=0  
파이썬 개발 (정규직/계약직),데이터플로,서울 강남구 ,https://www.saramin.co.kr/zf_user/jobs/relay/view?isMypage=no&rec_idx=40300922&recommend_ids=eJxtz8sRBCEIBNBo9g403%2FMGYv5ZLDrWjFO13p4gtEoAW%2Fqwsk98tUlB9lAqVE6K10Ep5EkNP8mvt7O8icpwYFIXK6oSw0lWc3eaz8m%2BKWYPAbU6YgDCr70C%2FsOh64Ksj9%2BrONw89uwOwmTZqZ2vaicjvTdTx1w%2F1h%2FQkUQh&view_type=search&searchword=python&searchType=search&gz=1&paid_fl=n#seq=0  
"IT강사님 모집합니다. ( JAVA, 빅데이터, 파이썬 외)",(주)한국소프트웨어아이엔씨,서울 금천구 ,https://www.saramin.co.kr/zf_user/jobs/relay/view?isMypage=no&rec_idx=40282046&recommend_ids=eJxtz8sRBCEIBNBo9g403%2FMGYv5ZLDrWjFO13p4gtEoAW%2Fqwsk98tUlB9lAqVE6K10Ep5EkNP8mvt7O8icpwYFIXK6oSw0lWc3eaz8m%2BKWYPAbU6YgDCr70C%2FsOh64Ksj9%2BrONw89uwOwmTZqZ2vaicjvTdTx1w%2F1h%2FQkUQh&view_type=search&searchword=python&searchType=search&gz=1&paid_fl=n#seq=0  
[AI 선박 자율주행] 서울 파이썬/nodeJS개발자 대리과장급,(주)탑앤스카우트,서울 강남구 ,https://www.saramin.co.kr/zf_user/jobs/relay/view?isMypage=no&rec_idx=40201318&recommend_ids=eJxtz8sRBCEIBNBo9g403%2FMGYv5ZLDrWjFO13p4gtEoAW%2Fqwsk98tUlB9lAqVE6K10Ep5EkNP8mvt7O8icpwYFIXK6oSw0lWc3eaz8m%2BKWYPAbU6YgDCr70C%2FsOh64Ksj9%2BrONw89uwOwmTZqZ2vaicjvTdTx1w%2F1h%2FQkUQh&view_type=search&searchword=python&searchType=search&gz=1&paid_fl=n#seq=0  
2021년 상반기 분야별 신입/경력 공개채용,(주)아이브릭스,경기 성남시 분당구 ,https://www.saramin.co.kr/zf_user/jobs/relay/view?isMypage=no&rec_idx=40304556&recommend_ids=eJxtz8sRBCEIBNBo9g403%2FMGYv5ZLDrWjFO13p4gtEoAW%2Fqwsk98tUlB9lAqVE6K10Ep5EkNP8mvt7O8icpwYFIXK6oSw0lWc3eaz8m%2BKWYPAbU6YgDCr70C%2FsOh64Ksj9%2BrONw89uwOwmTZqZ2vaicjvTdTx1w%2F1h%2FQkUQh&view_type=search&searchword=python&searchType=search&gz=1&paid_fl=n#seq=0  
부문별 신입/경력사원 채용,넥센타이어(주),서울 강서구 ,https://www.saramin.co.kr/zf_user/jobs/relay/view?isMypage=no&rec_idx=40247585&recommend_ids=eJxtz8sRBCEIBNBo9g403%2FMGYv5ZLDrWjFO13p4gtEoAW%2Fqwsk98tUlB9lAqVE6K10Ep5EkNP8mvt7O8icpwYFIXK6oSw0lWc3eaz8m%2BKWYPAbU6YgDCr70C%2FsOh64Ksj9%2BrONw89uwOwmTZqZ2vaicjvTdTx1w%2F1h%2FQkUQh&view_type=search&searchword=python&searchType=search&gz=1&paid_fl=n#seq=0  
LB그룹 부문별 대규모 수시채용 및 채용연계형 인턴채용,(주)한국아브노바,서울 영등포구 ,https://www.saramin.co.kr/zf_user/jobs/relay/view?isMypage=no&rec_idx=40314628&recommend_ids=eJxtz8sRBCEIBNBo9g403%2FMGYv5ZLDrWjFO13p4gtEoAW%2Fqwsk98tUlB9lAqVE6K10Ep5EkNP8mvt7O8icpwYFIXK6oSw0lWc3eaz8m%2BKWYPAbU6YgDCr70C%2FsOh64Ksj9%2BrONw89uwOwmTZqZ2vaicjvTdTx1w%2F1h%2FQkUQh&view_type=search&searchword=python&searchType=search&gz=1&paid_fl=n#seq=0  
각 분야별 정규/계약직 모집 공고,우리금융캐피탈(주),서울 강남구 ,https://www.saramin.co.kr/zf_user/jobs/relay/view?isMypage=no&rec_idx=40335370&recommend_ids=eJxtz8sRBCEIBNBo9g403%2FMGYv5ZLDrWjFO13p4gtEoAW%2Fqwsk98tUlB9lAqVE6K10Ep5EkNP8mvt7O8icpwYFIXK6oSw0lWc3eaz8m%2BKWYPAbU6YgDCr70C%2FsOh64Ksj9%2BrONw89uwOwmTZqZ2vaicjvTdTx1w%2F1h%2FQkUQh&view_type=search&searchword=python&searchType=search&gz=1&paid_fl=n#seq=0  
JW그룹 5월 1차 신입/경력 수시채용,JW중외제약,서울 서초구 ,https://www.saramin.co.kr/zf_user/jobs/relay/view?isMypage=no&rec_idx=40254453&recommend_ids=eJxtz8sRBCEIBNBo9g403%2FMGYv5ZLDrWjFO13p4gtEoAW%2Fqwsk98tUlB9lAqVE6K10Ep5EkNP8mvt7O8icpwYFIXK6oSw0lWc3eaz8m%2BKWYPAbU6YgDCr70C%2FsOh64Ksj9%2BrONw89uwOwmTZqZ2vaicjvTdTx1w%2F1h%2FQkUQh&view_type=search&searchword=python&searchType=search&gz=1&paid_fl=n#seq=0  
동아ST 각 부문 신입 및 경력 채용,동아에스티(주),서울 동대문구 ,https://www.saramin.co.kr/zf_user/jobs/relay/view?isMypage=no&rec_idx=40330264&recommend_ids=eJxtz8sRBCEIBNBo9g403%2FMGYv5ZLDrWjFO13p4gtEoAW%2Fqwsk98tUlB9lAqVE6K10Ep5EkNP8mvt7O8icpwYFIXK6oSw0lWc3eaz8m%2BKWYPAbU6YgDCr70C%2FsOh64Ksj9%2BrONw89uwOwmTZqZ2vaicjvTdTx1w%2F1h%2FQkUQh&view_type=search&searchword=python&searchType=search&gz=1&paid_fl=n#seq=0  
카카오 공동체 와이어트 대규모 인재 채용,(주)와이어트,서울 강남구 ,https://www.saramin.co.kr/zf_user/jobs/relay/view?isMypage=no&rec_idx=40306594&recommend_ids=eJxtz8sRBCEIBNBo9g403%2FMGYv5ZLDrWjFO13p4gtEoAW%2Fqwsk98tUlB9lAqVE6K10Ep5EkNP8mvt7O8icpwYFIXK6oSw0lWc3eaz8m%2BKWYPAbU6YgDCr70C%2FsOh64Ksj9%2BrONw89uwOwmTZqZ2vaicjvTdTx1w%2F1h%2FQkUQh&view_type=search&searchword=python&searchType=search&gz=1&paid_fl=n#seq=0  
이마트 Digital Transformation 경력직 채용,(주)이마트,서울 성동구 ,https://www.saramin.co.kr/zf_user/jobs/relay/view?isMypage=no&rec_idx=40288914&recommend_ids=eJxtz8sRBCEIBNBo9g403%2FMGYv5ZLDrWjFO13p4gtEoAW%2Fqwsk98tUlB9lAqVE6K10Ep5EkNP8mvt7O8icpwYFIXK6oSw0lWc3eaz8m%2BKWYPAbU6YgDCr70C%2FsOh64Ksj9%2BrONw89uwOwmTZqZ2vaicjvTdTx1w%2F1h%2FQkUQh&view_type=search&searchword=python&searchType=search&gz=1&paid_fl=n#seq=0  
[삼표그룹] 각 부문별 정규직 채용,(주)삼표,서울 종로구 ,https://www.saramin.co.kr/zf_user/jobs/relay/view?isMypage=no&rec_idx=40275499&recommend_ids=eJxtz8sRBCEIBNBo9g403%2FMGYv5ZLDrWjFO13p4gtEoAW%2Fqwsk98tUlB9lAqVE6K10Ep5EkNP8mvt7O8icpwYFIXK6oSw0lWc3eaz8m%2BKWYPAbU6YgDCr70C%2FsOh64Ksj9%2BrONw89uwOwmTZqZ2vaicjvTdTx1w%2F1h%2FQkUQh&view_type=search&searchword=python&searchType=search&gz=1&paid_fl=n#seq=0  
[코리아폴리스쿨] 각 부문 신입/경력 모집,(주)코리아폴리스쿨,서울 송파구 ,https://www.saramin.co.kr/zf_user/jobs/relay/view?isMypage=no&rec_idx=40141403&recommend_ids=eJxtz8sRBCEIBNBo9g403%2FMGYv5ZLDrWjFO13p4gtEoAW%2Fqwsk98tUlB9lAqVE6K10Ep5EkNP8mvt7O8icpwYFIXK6oSw0lWc3eaz8m%2BKWYPAbU6YgDCr70C%2FsOh64Ksj9%2BrONw89uwOwmTZqZ2vaicjvTdTx1w%2F1h%2FQkUQh&view_type=search&searchword=python&searchType=search&gz=1&paid_fl=n#seq=0  
데이터 분석,(주)휴넷,서울 구로구 ,https://www.saramin.co.kr/zf_user/jobs/relay/view?isMypage=no&rec_idx=39955336&recommend_ids=eJxtz8sRBCEIBNBo9g403%2FMGYv5ZLDrWjFO13p4gtEoAW%2Fqwsk98tUlB9lAqVE6K10Ep5EkNP8mvt7O8icpwYFIXK6oSw0lWc3eaz8m%2BKWYPAbU6YgDCr70C%2FsOh64Ksj9%2BrONw89uwOwmTZqZ2vaicjvTdTx1w%2F1h%2FQkUQh&view_type=search&searchword=python&searchType=search&gz=1&paid_fl=n#seq=0  
검색 개발,(주)인터파크,서울 강남구 ,https://www.saramin.co.kr/zf_user/jobs/relay/view?isMypage=no&rec_idx=40221247&recommend_ids=eJxtz8sRBCEIBNBo9g403%2FMGYv5ZLDrWjFO13p4gtEoAW%2Fqwsk98tUlB9lAqVE6K10Ep5EkNP8mvt7O8icpwYFIXK6oSw0lWc3eaz8m%2BKWYPAbU6YgDCr70C%2FsOh64Ksj9%2BrONw89uwOwmTZqZ2vaicjvTdTx1w%2F1h%2FQkUQh&view_type=search&searchword=python&searchType=search&gz=1&paid_fl=n#seq=0  
챗봇 자연어 처리 개발자,(주)인터파크,서울 강남구 ,https://www.saramin.co.kr/zf_user/jobs/relay/view?isMypage=no&rec_idx=40221091&recommend_ids=eJxtz8sRBCEIBNBo9g403%2FMGYv5ZLDrWjFO13p4gtEoAW%2Fqwsk98tUlB9lAqVE6K10Ep5EkNP8mvt7O8icpwYFIXK6oSw0lWc3eaz8m%2BKWYPAbU6YgDCr70C%2FsOh64Ksj9%2BrONw89uwOwmTZqZ2vaicjvTdTx1w%2F1h%2FQkUQh&view_type=search&searchword=python&searchType=search&gz=1&paid_fl=n#seq=0  
클라우드 운영자,(주)인터파크,서울 강남구 ,https://www.saramin.co.kr/zf_user/jobs/relay/view?isMypage=no&rec_idx=40221067&recommend_ids=eJxtz8sRBCEIBNBo9g403%2FMGYv5ZLDrWjFO13p4gtEoAW%2Fqwsk98tUlB9lAqVE6K10Ep5EkNP8mvt7O8icpwYFIXK6oSw0lWc3eaz8m%2BKWYPAbU6YgDCr70C%2FsOh64Ksj9%2BrONw89uwOwmTZqZ2vaicjvTdTx1w%2F1h%2FQkUQh&view_type=search&searchword=python&searchType=search&gz=1&paid_fl=n#seq=0  
Devops 엔지니어,(주)인터파크,서울 강남구 ,https://www.saramin.co.kr/zf_user/jobs/relay/view?isMypage=no&rec_idx=40221171&recommend_ids=eJxtz8sRBCEIBNBo9g403%2FMGYv5ZLDrWjFO13p4gtEoAW%2Fqwsk98tUlB9lAqVE6K10Ep5EkNP8mvt7O8icpwYFIXK6oSw0lWc3eaz8m%2BKWYPAbU6YgDCr70C%2FsOh64Ksj9%2BrONw89uwOwmTZqZ2vaicjvTdTx1w%2F1h%2FQkUQh&view_type=search&searchword=python&searchType=search&gz=1&paid_fl=n#seq=0  
데이터 기반 서비스 개발자,(주)인터파크,서울 강남구 ,https://www.saramin.co.kr/zf_user/jobs/relay/view?isMypage=no&rec_idx=40234057&recommend_ids=eJxtz8sRBCEIBNBo9g403%2FMGYv5ZLDrWjFO13p4gtEoAW%2Fqwsk98tUlB9lAqVE6K10Ep5EkNP8mvt7O8icpwYFIXK6oSw0lWc3eaz8m%2BKWYPAbU6YgDCr70C%2FsOh64Ksj9%2BrONw89uwOwmTZqZ2vaicjvTdTx1w%2F1h%2FQkUQh&view_type=search&searchword=python&searchType=search&gz=1&paid_fl=n#seq=0  
라이브방송 CMS 개발,(주)인터파크,서울 강남구 ,https://www.saramin.co.kr/zf_user/jobs/relay/view?isMypage=no&rec_idx=40234200&recommend_ids=eJxtz8sRBCEIBNBo9g403%2FMGYv5ZLDrWjFO13p4gtEoAW%2Fqwsk98tUlB9lAqVE6K10Ep5EkNP8mvt7O8icpwYFIXK6oSw0lWc3eaz8m%2BKWYPAbU6YgDCr70C%2FsOh64Ksj9%2BrONw89uwOwmTZqZ2vaicjvTdTx1w%2F1h%2FQkUQh&view_type=search&searchword=python&searchType=search&gz=1&paid_fl=n#seq=0  
데이터 엔지니어,(주)인터파크,서울 강남구 ,https://www.saramin.co.kr/zf_user/jobs/relay/view?isMypage=no&rec_idx=40234181&recommend_ids=eJxtz8sRBCEIBNBo9g403%2FMGYv5ZLDrWjFO13p4gtEoAW%2Fqwsk98tUlB9lAqVE6K10Ep5EkNP8mvt7O8icpwYFIXK6oSw0lWc3eaz8m%2BKWYPAbU6YgDCr70C%2FsOh64Ksj9%2BrONw89uwOwmTZqZ2vaicjvTdTx1w%2F1h%2FQkUQh&view_type=search&searchword=python&searchType=search&gz=1&paid_fl=n#seq=0  
데이터 사이언티스트,(주)인터파크,서울 강남구 ,https://www.saramin.co.kr/zf_user/jobs/relay/view?isMypage=no&rec_idx=40234118&recommend_ids=eJxtz8sRBCEIBNBo9g403%2FMGYv5ZLDrWjFO13p4gtEoAW%2Fqwsk98tUlB9lAqVE6K10Ep5EkNP8mvt7O8icpwYFIXK6oSw0lWc3eaz8m%2BKWYPAbU6YgDCr70C%2FsOh64Ksj9%2BrONw89uwOwmTZqZ2vaicjvTdTx1w%2F1h%2FQkUQh&view_type=search&searchword=python&searchType=search&gz=1&paid_fl=n#seq=0  
데이터 수집 시스템 엔지니어,(주)인터파크,서울 강남구 ,https://www.saramin.co.kr/zf_user/jobs/relay/view?isMypage=no&rec_idx=40234144&recommend_ids=eJxtz8sRBCEIBNBo9g403%2FMGYv5ZLDrWjFO13p4gtEoAW%2Fqwsk98tUlB9lAqVE6K10Ep5EkNP8mvt7O8icpwYFIXK6oSw0lWc3eaz8m%2BKWYPAbU6YgDCr70C%2FsOh64Ksj9%2BrONw89uwOwmTZqZ2vaicjvTdTx1w%2F1h%2FQkUQh&view_type=search&searchword=python&searchType=search&gz=1&paid_fl=n#seq=0  
"데이터 수집, 가공, 개발",(주)코난테크놀로지,서울 서초구 ,https://www.saramin.co.kr/zf_user/jobs/relay/view?isMypage=no&rec_idx=39980176&recommend_ids=eJxtz8sRBCEIBNBo9g403%2FMGYv5ZLDrWjFO13p4gtEoAW%2Fqwsk98tUlB9lAqVE6K10Ep5EkNP8mvt7O8icpwYFIXK6oSw0lWc3eaz8m%2BKWYPAbU6YgDCr70C%2FsOh64Ksj9%2BrONw89uwOwmTZqZ2vaicjvTdTx1w%2F1h%2FQkUQh&view_type=search&searchword=python&searchType=search&gz=1&paid_fl=n#seq=0  
서버개발,(주)코난테크놀로지,서울 서초구 ,https://www.saramin.co.kr/zf_user/jobs/relay/view?isMypage=no&rec_idx=39980005&recommend_ids=eJxtz8sRBCEIBNBo9g403%2FMGYv5ZLDrWjFO13p4gtEoAW%2Fqwsk98tUlB9lAqVE6K10Ep5EkNP8mvt7O8icpwYFIXK6oSw0lWc3eaz8m%2BKWYPAbU6YgDCr70C%2FsOh64Ksj9%2BrONw89uwOwmTZqZ2vaicjvTdTx1w%2F1h%2FQkUQh&view_type=search&searchword=python&searchType=search&gz=1&paid_fl=n#seq=0  
인공지능 개발,(주)코난테크놀로지,서울 서초구 ,https://www.saramin.co.kr/zf_user/jobs/relay/view?isMypage=no&rec_idx=39980418&recommend_ids=eJxtz8sRBCEIBNBo9g403%2FMGYv5ZLDrWjFO13p4gtEoAW%2Fqwsk98tUlB9lAqVE6K10Ep5EkNP8mvt7O8icpwYFIXK6oSw0lWc3eaz8m%2BKWYPAbU6YgDCr70C%2FsOh64Ksj9%2BrONw89uwOwmTZqZ2vaicjvTdTx1w%2F1h%2FQkUQh&view_type=search&searchword=python&searchType=search&gz=1&paid_fl=n#seq=0  
클라우드 엔지니어,(주)드림어스컴퍼니,서울 서초구 ,https://www.saramin.co.kr/zf_user/jobs/relay/view?isMypage=no&rec_idx=40228969&recommend_ids=eJxtz8sRBCEIBNBo9g403%2FMGYv5ZLDrWjFO13p4gtEoAW%2Fqwsk98tUlB9lAqVE6K10Ep5EkNP8mvt7O8icpwYFIXK6oSw0lWc3eaz8m%2BKWYPAbU6YgDCr70C%2FsOh64Ksj9%2BrONw89uwOwmTZqZ2vaicjvTdTx1w%2F1h%2FQkUQh&view_type=search&searchword=python&searchType=search&gz=1&paid_fl=n#seq=0  
JAVA 개발자 채용,(주)지에스아이티엠,서울 종로구 ,https://www.saramin.co.kr/zf_user/jobs/relay/view?isMypage=no&rec_idx=40106132&recommend_ids=eJxtz8sRBCEIBNBo9g403%2FMGYv5ZLDrWjFO13p4gtEoAW%2Fqwsk98tUlB9lAqVE6K10Ep5EkNP8mvt7O8icpwYFIXK6oSw0lWc3eaz8m%2BKWYPAbU6YgDCr70C%2FsOh64Ksj9%2BrONw89uwOwmTZqZ2vaicjvTdTx1w%2F1h%2FQkUQh&view_type=search&searchword=python&searchType=search&gz=1&paid_fl=n#seq=0  
[대웅그룹 자회사] RPA 개발 및 유지보수 경력직 채용,(주)아이디에스앤트러스트,서울 강남구 ,https://www.saramin.co.kr/zf_user/jobs/relay/view?isMypage=no&rec_idx=39874373&recommend_ids=eJxtz8sRBCEIBNBo9g403%2FMGYv5ZLDrWjFO13p4gtEoAW%2Fqwsk98tUlB9lAqVE6K10Ep5EkNP8mvt7O8icpwYFIXK6oSw0lWc3eaz8m%2BKWYPAbU6YgDCr70C%2FsOh64Ksj9%2BrONw89uwOwmTZqZ2vaicjvTdTx1w%2F1h%2FQkUQh&view_type=search&searchword=python&searchType=search&gz=1&paid_fl=n#seq=0  
